﻿designator,quantity,value,pack,mpn,mount_type
A1,1,Arduino_Nano_v3.x,Arduino_Nano,,tht
"C1, C12, C13, C14, C15, C16, C18, C2, C23, C25, C26, C29, C3, C4, C8",15,100nF,C_0805_2012Metric,,smt
"C10, C11, C9",3,220uF/50V,CP_Elec_10x10.5,,smt
"C17, C5, C6, C7",4,1uF,C_0805_2012Metric,,smt
"C19, C20, C22, C28",4,10nF,C_0805_2012Metric,,smt
C21,1,470nF,C_0805_2012Metric,,smt
C24,1,100uF/35V,CP_Elec_6.3x7.7,,smt
C27,1,47uF/16V,CP_Elec_5x5.4,,smt
D1,1,GREEN LED,LED_0805_2012Metric,,smt
"D2, D3, D4, D6",4,1N4148,D_MiniMELF,,smt
D5,1,RED LED,LED_0805_2012Metric,,smt
D7,1,1N5231,D_MiniMELF,,smt
J1,1,BTN0,PinHeader_1x02_P2.54mm_Vertical,,tht
J10,1,EXT_UART,PinHeader_1x05_P2.54mm_Vertical,,tht
J11,1,UART_LV_JMP,PinHeader_1x03_P2.54mm_Vertical,,tht
J12,1,EXT_I2C,PinHeader_1x05_P2.54mm_Vertical,,tht
J13,1,I2C_LV_JMP,PinHeader_1x03_P2.54mm_Vertical,,tht
J2,1,THROTTLE_IN,PinHeader_1x03_P2.54mm_Vertical,,tht
J3,1,BTN1,PinHeader_1x02_P2.54mm_Vertical,,tht
J4,1,BTN2,PinHeader_1x02_P2.54mm_Vertical,,tht
J5,1,ENC0,PinHeader_1x02_P2.54mm_Vertical,,tht
J6,1,MOTOR_OUT,"PhoenixContact_MSTBVA_2,5_3-G-5,08_1x03_P5.08mm_Vertical",,tht
J7,1,HALL_IN,PinHeader_1x05_P2.54mm_Vertical,,tht
J8,1,MPWR_IN,"PhoenixContact_MSTBVA_2,5_2-G-5,08_1x02_P5.08mm_Vertical",,tht
J9,1,CPWR_IN,PinHeader_1x02_P2.54mm_Vertical,,tht
"MT1, MT2, MT3, MT4, MT5, MT6, MT7, MT8",8,MountingHole_3.5mm,MountingHole_3.5mm,,tht
"Q1, Q2, Q3, Q4, Q5, Q6",6,NCE6990,TO-220-3_Horizontal_TabUp_NoHole_F,,tht
"Q10, Q7, Q8, Q9",4,BSS138,SOT-23,,smt
"R1, R3",2,1kR,R_0805_2012Metric,,smt
"R10, R11, R13, R14, R15, R19, R2, R22, R23, R24, R25, R26, R29, R30, R31, R32",16,10kR,R_0805_2012Metric,,smt
R12,1,4.7kR,R_0805_2012Metric,,smt
R16,1,100kR,R_0805_2012Metric,,smt
"R17, R18, R20, R28",4,2.2kR,R_0805_2012Metric,,smt
R21,1,R022,R_Bare_Metal_Element_L11.4mm_W3.8mm_P10.2mm,,tht
R27,1,18kR,R_0805_2012Metric,,smt
"R4, R5, R6, R7, R8, R9",6,100R,R_1206_3216Metric,,smt
SW1,1,POWER_SW,SS_Slide_1P2T_SS12F64,,tht
"U1, U2, U3",3,IR2101,SOIC-8_3.9x4.9mm_P1.27mm,,smt
U4,1,MCP4725xxx-xCH,SOT-23-6,,smt
U5,1,JY01_HLLE,SOP-16_3.9x9.9mm_P1.27mm,,smt
U6,1,LM2596HVS_Module,LM2596HVS_Module_PDIP,,tht
U7,1,LM7809_TO220,TO-220-3_Horizontal_TabDown,,tht
U8,1,ACS712xLCTR-20A,SOIC-8_3.9x4.9mm_P1.27mm,,smt
