﻿pos_x,pos_y,rotation,side,designator,mpn,pack,value,mount_type,place
158.674,-95.174,0.0,top,A1,,Arduino_Nano,Arduino_Nano_v3.x,tht,True
163.7145,-52.883,-90.0,top,C1,,C_0805_2012Metric,100nF,smt,True
127.9005,-62.154,180.0,top,C10,,CP_Elec_10x10.5,220uF/50V,smt,True
127.9005,-50.724,180.0,top,C11,,CP_Elec_10x10.5,220uF/50V,smt,True
179.248,-131.511,-90.0,top,C12,,C_0805_2012Metric,100nF,smt,True
174.93,-55.804,90.0,top,C13,,C_0805_2012Metric,100nF,smt,True
178.232,-55.804,90.0,top,C14,,C_0805_2012Metric,100nF,smt,True
188.31,-111.42,0.0,top,C15,,C_0805_2012Metric,100nF,smt,True
173.66,-52.502,0.0,top,C16,,C_0805_2012Metric,100nF,smt,True
176.708,-49.962,180.0,top,C17,,C_0805_2012Metric,1uF,smt,True
179.182,-121.585,0.0,top,C18,,C_0805_2012Metric,100nF,smt,True
188.138,-63.673,180.0,top,C19,,C_0805_2012Metric,10nF,smt,True
163.7145,-64.313,-90.0,top,C2,,C_0805_2012Metric,100nF,smt,True
188.138,-58.593,180.0,top,C20,,C_0805_2012Metric,10nF,smt,True
122.9378,-85.268,0.0,top,C21,,C_0805_2012Metric,470nF,smt,True
188.138,-53.513,180.0,top,C22,,C_0805_2012Metric,10nF,smt,True
188.31,-121.585,0.0,top,C23,,C_0805_2012Metric,100nF,smt,True
128.956,-109.906,-90.0,top,C24,,CP_Elec_6.3x7.7,100uF/35V,smt,True
128.956,-102.54,90.0,top,C25,,C_0805_2012Metric,100nF,smt,True
128.956,-118.288,90.0,top,C26,,C_0805_2012Metric,100nF,smt,True
128.956,-124.892,-90.0,top,C27,,CP_Elec_5x5.4,47uF/16V,smt,True
150.3698,-85.268,0.0,top,C28,,C_0805_2012Metric,10nF,smt,True
150.3698,-81.712,0.0,top,C29,,C_0805_2012Metric,100nF,smt,True
163.7145,-75.87,-90.0,top,C3,,C_0805_2012Metric,100nF,smt,True
180.772,-49.962,180.0,top,C4,,C_0805_2012Metric,100nF,smt,True
153.5545,-53.899,180.0,top,C5,,C_0805_2012Metric,1uF,smt,True
153.5545,-65.329,180.0,top,C6,,C_0805_2012Metric,1uF,smt,True
153.5545,-76.886,180.0,top,C7,,C_0805_2012Metric,1uF,smt,True
179.182,-111.42,0.0,top,C8,,C_0805_2012Metric,100nF,smt,True
127.9005,-73.584,180.0,top,C9,,CP_Elec_10x10.5,220uF/50V,smt,True
127.1778,-91.1352,0.0,top,D1,,LED_0805_2012Metric,GREEN LED,smt,True
158.8885,-53.899,0.0,top,D2,,D_MiniMELF,1N4148,smt,True
158.8885,-65.329,0.0,top,D3,,D_MiniMELF,1N4148,smt,True
158.8885,-76.886,0.0,top,D4,,D_MiniMELF,1N4148,smt,True
127.1778,-93.6752,0.0,top,D5,,LED_0805_2012Metric,RED LED,smt,True
178.74,-44.628,180.0,top,D6,,D_MiniMELF,1N4148,smt,True
148.768,-91.11,0.0,top,D7,,D_MiniMELF,1N5231,smt,True
183.5,-108.626,0.0,top,J1,,PinHeader_1x02_P2.54mm_Vertical,BTN0,tht,True
193.218,-83.236,180.0,top,J10,,PinHeader_1x05_P2.54mm_Vertical,EXT_UART,tht,True
182.819,-83.241,90.0,top,J11,,PinHeader_1x03_P2.54mm_Vertical,UART_LV_JMP,tht,True
193.218,-101.011,180.0,top,J12,,PinHeader_1x05_P2.54mm_Vertical,EXT_I2C,tht,True
182.819,-101.016,90.0,top,J13,,PinHeader_1x03_P2.54mm_Vertical,I2C_LV_JMP,tht,True
183.566,-128.971,0.0,top,J2,,PinHeader_1x03_P2.54mm_Vertical,THROTTLE_IN,tht,True
193.136,-108.626,0.0,top,J3,,PinHeader_1x02_P2.54mm_Vertical,BTN1,tht,True
183.5,-118.791,0.0,top,J4,,PinHeader_1x02_P2.54mm_Vertical,BTN2,tht,True
193.06,-118.791,0.0,top,J5,,PinHeader_1x02_P2.54mm_Vertical,ENC0,tht,True
114.732,-57.074,-90.0,top,J6,,"PhoenixContact_MSTBVA_2,5_3-G-5,08_1x03_P5.08mm_Vertical",MOTOR_OUT,tht,True
193.218,-65.451,180.0,top,J7,,PinHeader_1x05_P2.54mm_Vertical,HALL_IN,tht,True
114.7715,-92.634,-90.0,top,J8,,"PhoenixContact_MSTBVA_2,5_2-G-5,08_1x02_P5.08mm_Vertical",MPWR_IN,tht,True
127.681,-134.29,90.0,top,J9,,PinHeader_1x02_P2.54mm_Vertical,CPWR_IN,tht,True
101.27,-43.104,0.0,top,MT1,,MountingHole_3.5mm,MountingHole_3.5mm,tht,False
101.27,-133.528,0.0,top,MT2,,MountingHole_3.5mm,MountingHole_3.5mm,tht,False
113.8527,-43.9586,0.0,top,MT3,,MountingHole_3.5mm,MountingHole_3.5mm,tht,False
113.8527,-80.1536,0.0,top,MT4,,MountingHole_3.5mm,MountingHole_3.5mm,tht,False
171.0027,-43.9586,0.0,top,MT5,,MountingHole_3.5mm,MountingHole_3.5mm,tht,False
171.0027,-80.1536,0.0,top,MT6,,MountingHole_3.5mm,MountingHole_3.5mm,tht,False
191.694,-43.104,0.0,top,MT7,,MountingHole_3.5mm,MountingHole_3.5mm,tht,False
191.694,-133.528,0.0,top,MT8,,MountingHole_3.5mm,MountingHole_3.5mm,tht,False
139.3305,-48.184,-90.0,bottom,Q1,,TO-220-3_Horizontal_TabUp_NoHole_F,NCE6990,tht,True
185.359,-92.634,180.0,top,Q10,,SOT-23,BSS138,smt,True
145.6805,-53.264,90.0,bottom,Q2,,TO-220-3_Horizontal_TabUp_NoHole_F,NCE6990,tht,True
139.3305,-59.614,-90.0,bottom,Q3,,TO-220-3_Horizontal_TabUp_NoHole_F,NCE6990,tht,True
145.6805,-64.694,90.0,bottom,Q4,,TO-220-3_Horizontal_TabUp_NoHole_F,NCE6990,tht,True
139.3305,-71.044,-90.0,bottom,Q5,,TO-220-3_Horizontal_TabUp_NoHole_F,NCE6990,tht,True
145.6805,-76.124,90.0,bottom,Q6,,TO-220-3_Horizontal_TabUp_NoHole_F,NCE6990,tht,True
185.359,-78.923,180.0,top,Q7,,SOT-23,BSS138,smt,True
185.359,-74.859,180.0,top,Q8,,SOT-23,BSS138,smt,True
185.359,-96.698,180.0,top,Q9,,SOT-23,BSS138,smt,True
131.2418,-91.1352,180.0,top,R1,,R_0805_2012Metric,1kR,smt,True
179.182,-108.372,0.0,top,R10,,R_0805_2012Metric,10kR,smt,True
188.31,-108.372,0.0,top,R11,,R_0805_2012Metric,10kR,smt,True
180.772,-55.804,90.0,top,R12,,R_0805_2012Metric,4.7kR,smt,True
180.772,-47.422,0.0,top,R13,,R_0805_2012Metric,10kR,smt,True
172.39,-55.804,90.0,top,R14,,R_0805_2012Metric,10kR,smt,True
179.182,-118.537,0.0,top,R15,,R_0805_2012Metric,10kR,smt,True
176.708,-47.422,180.0,top,R16,,R_0805_2012Metric,100kR,smt,True
188.138,-66.213,0.0,top,R17,,R_0805_2012Metric,2.2kR,smt,True
188.138,-61.133,0.0,top,R18,,R_0805_2012Metric,2.2kR,smt,True
122.9378,-81.712,180.0,top,R19,,R_0805_2012Metric,10kR,smt,True
185.344,-45.136,180.0,top,R2,,R_0805_2012Metric,10kR,smt,True
188.138,-56.053,0.0,top,R20,,R_0805_2012Metric,2.2kR,smt,True
127.2558,-83.49,0.0,top,R21,,R_Bare_Metal_Element_L11.4mm_W3.8mm_P10.2mm,R022,tht,True
188.31,-118.537,0.0,top,R22,,R_0805_2012Metric,10kR,smt,True
188.915,-78.923,90.0,top,R23,,R_0805_2012Metric,10kR,smt,True
188.915,-74.859,90.0,top,R24,,R_0805_2012Metric,10kR,smt,True
181.803,-78.923,-90.0,top,R25,,R_0805_2012Metric,10kR,smt,True
181.803,-74.859,90.0,top,R26,,R_0805_2012Metric,10kR,smt,True
141.656,-91.11,90.0,top,R27,,R_0805_2012Metric,18kR,smt,True
144.45,-91.11,90.0,top,R28,,R_0805_2012Metric,2.2kR,smt,True
188.915,-96.698,90.0,top,R29,,R_0805_2012Metric,10kR,smt,True
131.2418,-93.6752,180.0,top,R3,,R_0805_2012Metric,1kR,smt,True
188.915,-92.634,90.0,top,R30,,R_0805_2012Metric,10kR,smt,True
181.803,-96.698,-90.0,top,R31,,R_0805_2012Metric,10kR,smt,True
181.803,-92.634,90.0,top,R32,,R_0805_2012Metric,10kR,smt,True
151.2685,-51.105,180.0,top,R4,,R_1206_3216Metric,100R,smt,True
151.2685,-47.549,180.0,top,R5,,R_1206_3216Metric,100R,smt,True
151.2685,-62.535,180.0,top,R6,,R_1206_3216Metric,100R,smt,True
151.2685,-58.979,180.0,top,R7,,R_1206_3216Metric,100R,smt,True
151.2685,-74.092,180.0,top,R8,,R_1206_3216Metric,100R,smt,True
151.2685,-70.536,180.0,top,R9,,R_1206_3216Metric,100R,smt,True
114.018,-134.3335,0.0,top,SW1,,SS_Slide_1P2T_SS12F64,POWER_SW,tht,True
158.1265,-49.327,180.0,top,U1,,SOIC-8_3.9x4.9mm_P1.27mm,IR2101,smt,True
158.1265,-60.757,180.0,top,U2,,SOIC-8_3.9x4.9mm_P1.27mm,IR2101,smt,True
158.1265,-72.314,180.0,top,U3,,SOIC-8_3.9x4.9mm_P1.27mm,IR2101,smt,True
185.344,-48.692,0.0,top,U4,,SOT-23-6,MCP4725xxx-xCH,smt,True
173.406,-62.154,-90.0,top,U5,,SOP-16_3.9x9.9mm_P1.27mm,JY01_HLLE,smt,True
144.704,-116.256,90.0,top,U6,,LM2596HVS_Module_PDIP,LM2596HVS_Module,tht,True
114.478,-126.162,0.0,top,U7,,TO-220-3_Horizontal_TabDown,LM7809_TO220,tht,True
144.0198,-83.49,0.0,top,U8,,SOIC-8_3.9x4.9mm_P1.27mm,ACS712xLCTR-20A,smt,True
